year,mean,p025,p050,p500,p975,sd
1850,-1.1893,-1.7513,-1.2086,-1.2086,-0.5281,0.3327
1851,-0.8584,-1.4258,-0.9317,-0.9317,-0.1538,0.3175
1852,-0.9306,-1.4340,-0.9787,-0.9787,-0.2349,0.3138
1853,-1.0698,-1.7003,-1.1243,-1.1243,-0.3988,0.3211
1854,-0.8267,-1.3690,-0.8507,-0.8507,-0.2269,0.2776
1855,-1.0459,-1.6744,-1.0838,-1.0838,-0.3877,0.3640
1856,-1.0548,-1.6027,-0.9891,-0.9891,-0.3668,0.3559
1857,-1.1283,-1.7245,-1.1802,-1.1802,-0.4631,0.3189
1858,-1.0411,-1.6492,-1.0679,-1.0679,-0.4819,0.2801
1859,-0.8152,-1.3956,-0.8067,-0.8067,-0.2176,0.2725
1860,-1.1660,-1.7695,-1.2325,-1.2325,-0.6064,0.3094
1861,-1.1582,-1.8434,-1.1779,-1.1779,-0.4913,0.3337
1862,-1.4071,-2.2047,-1.3945,-1.3945,-0.6741,0.3836
1863,-1.0115,-1.7433,-0.9540,-0.9540,-0.3196,0.3526
1864,-1.2895,-1.8568,-1.3051,-1.3051,-0.6002,0.3328
1865,-0.9918,-1.6808,-1.0566,-1.0566,-0.2804,0.3444
1866,-1.0102,-1.6188,-0.9982,-0.9982,-0.4135,0.2899
1867,-1.1003,-1.7065,-1.1649,-1.1649,-0.4915,0.3293
1868,-1.0110,-1.6083,-1.0466,-1.0466,-0.4400,0.3076
1869,-0.8362,-1.4234,-0.8915,-0.8915,-0.3166,0.3116
1870,-1.0829,-1.6252,-1.1202,-1.1202,-0.5903,0.2649
1871,-1.1246,-1.6861,-1.1290,-1.1290,-0.6541,0.2976
1872,-0.9179,-1.4782,-0.9182,-0.9182,-0.4444,0.2562
1873,-0.9525,-1.4129,-0.9651,-0.9651,-0.4785,0.2538
1874,-0.9415,-1.4011,-0.9570,-0.9570,-0.3330,0.2632
1875,-1.3485,-1.8756,-1.3425,-1.3425,-0.8452,0.2858
1876,-1.1145,-1.6263,-1.1251,-1.1251,-0.6503,0.2361
1877,-0.7542,-1.2089,-0.7920,-0.7920,-0.2642,0.2226
1878,-0.5108,-0.9786,-0.4879,-0.4879,-0.1573,0.1883
1879,-1.0366,-1.4432,-1.0474,-1.0474,-0.6374,0.1975
1880,-1.0420,-1.5185,-1.0555,-1.0555,-0.6227,0.2149
1881,-0.9674,-1.3139,-0.9783,-0.9783,-0.5952,0.1857
1882,-1.0166,-1.4318,-1.0079,-1.0079,-0.5635,0.2044
1883,-1.1168,-1.4011,-1.1278,-1.1278,-0.7687,0.1787
1884,-1.2707,-1.6022,-1.3009,-1.3009,-0.9193,0.1814
1885,-1.2182,-1.5735,-1.2431,-1.2431,-0.8480,0.1749
1886,-1.1397,-1.5756,-1.1230,-1.1230,-0.7686,0.1905
1887,-1.2258,-1.6745,-1.2051,-1.2051,-0.8706,0.1864
1888,-1.0874,-1.5425,-1.0834,-1.0834,-0.6740,0.2213
1889,-0.8212,-1.2520,-0.8402,-0.8402,-0.4776,0.1850
1890,-1.0668,-1.4547,-1.0401,-1.0401,-0.7452,0.1676
1891,-1.1257,-1.5025,-1.1263,-1.1263,-0.8194,0.1696
1892,-1.1421,-1.4684,-1.1439,-1.1439,-0.8480,0.1500
1893,-1.1907,-1.4943,-1.2144,-1.2144,-0.9142,0.1540
1894,-1.0361,-1.4664,-1.0000,-1.0000,-0.7349,0.1828
1895,-1.0448,-1.4360,-1.0619,-1.0619,-0.7740,0.1604
1896,-0.9620,-1.4066,-0.9517,-0.9517,-0.6840,0.1758
1897,-0.8201,-1.1815,-0.8268,-0.8268,-0.5339,0.1586
1898,-0.9232,-1.2756,-0.9213,-0.9213,-0.6164,0.1635
1899,-0.8119,-1.1293,-0.8242,-0.8242,-0.5257,0.1515
1900,-0.6932,-1.0310,-0.7049,-0.7049,-0.3833,0.1529
1901,-0.6736,-0.9485,-0.7148,-0.7148,-0.4148,0.1431
1902,-0.9012,-1.1588,-0.9111,-0.9111,-0.6429,0.1355
1903,-0.9487,-1.1926,-0.9711,-0.9711,-0.6825,0.1276
1904,-1.0249,-1.2424,-1.0458,-1.0458,-0.7689,0.1279
1905,-0.9085,-1.1147,-0.9244,-0.9244,-0.6530,0.1163
1906,-0.7150,-0.9516,-0.7322,-0.7322,-0.4766,0.1208
1907,-1.1233,-1.3359,-1.1399,-1.1399,-0.8839,0.1191
1908,-0.9887,-1.2209,-1.0018,-1.0018,-0.7514,0.1187
1909,-0.9653,-1.2021,-0.9710,-0.9710,-0.7394,0.1203
1910,-0.8831,-1.1187,-0.8991,-0.8991,-0.6437,0.1175
1911,-0.9529,-1.1609,-0.9744,-0.9744,-0.7427,0.1089
1912,-0.9861,-1.2263,-1.0037,-1.0037,-0.7070,0.1261
1913,-0.8803,-1.0878,-0.8905,-0.8905,-0.6367,0.1079
1914,-0.6408,-0.8646,-0.6480,-0.6480,-0.4053,0.1078
1915,-0.6258,-0.8546,-0.6376,-0.6376,-0.3171,0.1216
1916,-0.9201,-1.1181,-0.9314,-0.9314,-0.6862,0.1068
1917,-1.1905,-1.4067,-1.2055,-1.2055,-0.9267,0.1247
1918,-1.0234,-1.2986,-1.0260,-1.0260,-0.7520,0.1316
1919,-0.8274,-1.0329,-0.8489,-0.8489,-0.5907,0.1170
1920,-0.8012,-0.9946,-0.8166,-0.8166,-0.5838,0.1045
1921,-0.6440,-0.8433,-0.6524,-0.6524,-0.4137,0.1069
1922,-0.7885,-0.9580,-0.8128,-0.8128,-0.5828,0.0988
1923,-0.7833,-0.9672,-0.7971,-0.7971,-0.5840,0.0991
1924,-0.7678,-0.9463,-0.7864,-0.7864,-0.5756,0.1057
1925,-0.7258,-0.8972,-0.7388,-0.7388,-0.5347,0.0900
1926,-0.5561,-0.7056,-0.5773,-0.5773,-0.3672,0.0943
1927,-0.7079,-0.8767,-0.7227,-0.7227,-0.5068,0.0989
1928,-0.6127,-0.7723,-0.6273,-0.6273,-0.3729,0.0978
1929,-0.9601,-1.1219,-0.9819,-0.9819,-0.6783,0.0933
1930,-0.6040,-0.7660,-0.6135,-0.6135,-0.3688,0.0808
1931,-0.5480,-0.6847,-0.5606,-0.5606,-0.3990,0.0746
1932,-0.5776,-0.7112,-0.5789,-0.5789,-0.4160,0.0746
1933,-0.8644,-0.9644,-0.8769,-0.8769,-0.7172,0.0640
1934,-0.5793,-0.7088,-0.5894,-0.5894,-0.4265,0.0719
1935,-0.6902,-0.8095,-0.6972,-0.6972,-0.5549,0.0642
1936,-0.6550,-0.7904,-0.6628,-0.6628,-0.5116,0.0666
1937,-0.5466,-0.6821,-0.5539,-0.5539,-0.3894,0.0662
1938,-0.3760,-0.5334,-0.3823,-0.3823,-0.1983,0.0769
1939,-0.4976,-0.6005,-0.5124,-0.5124,-0.3617,0.0642
1940,-0.5165,-0.7033,-0.5300,-0.5300,-0.3546,0.0869
1941,-0.5107,-0.6130,-0.5102,-0.5102,-0.3887,0.0652
1942,-0.5467,-0.6493,-0.5481,-0.5481,-0.4241,0.0582
1943,-0.5130,-0.6386,-0.5196,-0.5196,-0.3827,0.0551
1944,-0.4031,-0.5159,-0.4102,-0.4102,-0.2294,0.0686
1945,-0.6330,-0.7176,-0.6485,-0.6485,-0.5220,0.0562
1946,-0.5913,-0.6754,-0.6019,-0.6019,-0.4648,0.0494
1947,-0.4855,-0.5739,-0.4861,-0.4861,-0.3757,0.0552
1948,-0.5207,-0.6044,-0.5222,-0.5222,-0.4291,0.0475
1949,-0.6264,-0.7308,-0.6286,-0.6286,-0.5337,0.0522
1950,-0.8204,-0.9195,-0.8243,-0.8243,-0.7462,0.0460
1951,-0.6228,-0.6930,-0.6303,-0.6303,-0.5459,0.0396
1952,-0.5811,-0.6360,-0.5913,-0.5913,-0.5028,0.0338
1953,-0.3819,-0.4302,-0.3900,-0.3900,-0.3109,0.0364
1954,-0.6540,-0.7140,-0.6545,-0.6545,-0.5854,0.0388
1955,-0.6813,-0.7286,-0.6947,-0.6947,-0.5802,0.0373
1956,-0.9355,-0.9949,-0.9282,-0.9282,-0.8733,0.0409
1957,-0.5998,-0.6624,-0.6072,-0.6072,-0.5340,0.0434
1958,-0.4861,-0.5558,-0.4834,-0.4834,-0.4204,0.0427
1959,-0.4882,-0.5391,-0.4864,-0.4864,-0.4433,0.0299
1960,-0.6099,-0.7137,-0.5827,-0.5827,-0.5251,0.0623
1961,-0.4757,-0.5414,-0.4611,-0.4611,-0.3928,0.0484
1962,-0.4871,-0.5588,-0.4765,-0.4765,-0.4288,0.0406
1963,-0.4695,-0.5530,-0.4752,-0.4752,-0.3765,0.0515
1964,-0.8345,-0.9485,-0.8167,-0.8167,-0.7418,0.0668
1965,-0.7264,-0.7753,-0.7139,-0.7139,-0.6862,0.0280
1966,-0.6612,-0.7552,-0.6584,-0.6584,-0.5800,0.0543
1967,-0.5830,-0.6342,-0.5779,-0.5779,-0.5106,0.0341
1968,-0.7318,-0.8070,-0.7255,-0.7255,-0.6587,0.0464
1969,-0.6499,-0.7027,-0.6667,-0.6667,-0.5642,0.0452
1970,-0.5650,-0.6343,-0.5635,-0.5635,-0.5005,0.0433
1971,-0.6669,-0.7118,-0.6690,-0.6690,-0.6087,0.0289
1972,-0.7304,-0.8371,-0.7167,-0.7167,-0.6666,0.0560
1973,-0.3157,-0.3918,-0.3171,-0.3171,-0.2157,0.0470
1974,-0.7570,-0.8115,-0.7468,-0.7468,-0.7209,0.0295
1975,-0.5199,-0.5504,-0.5223,-0.5223,-0.4551,0.0232
1976,-0.8315,-0.9139,-0.8206,-0.8206,-0.7912,0.0352
1977,-0.3794,-0.4095,-0.3827,-0.3827,-0.3281,0.0214
1978,-0.5404,-0.5901,-0.5438,-0.5438,-0.4933,0.0333
1979,-0.4807,-0.5634,-0.4993,-0.4993,-0.4062,0.0572
1980,-0.3055,-0.4025,-0.3204,-0.3204,-0.2046,0.0624
1981,-0.1030,-0.1663,-0.1222,-0.1222,-0.0190,0.0540
1982,-0.5288,-0.6059,-0.5412,-0.5412,-0.4637,0.0492
1983,-0.1812,-0.2332,-0.1903,-0.1903,-0.1332,0.0349
1984,-0.5190,-0.5891,-0.5078,-0.5078,-0.4546,0.0426
1985,-0.5096,-0.5864,-0.4996,-0.4996,-0.4755,0.0316
1986,-0.3740,-0.4162,-0.3686,-0.3686,-0.3405,0.0229
1987,-0.2419,-0.3460,-0.2138,-0.2138,-0.1808,0.0563
1988,-0.0740,-0.1315,-0.0671,-0.0671,0.0018,0.0357
1989,-0.2645,-0.3295,-0.2708,-0.2708,-0.2081,0.0400
1990,0.0168,-0.0145,0.0187,0.0187,0.0445,0.0183
1991,-0.0653,-0.1060,-0.0827,-0.0827,-0.0000,0.0355
1992,-0.3859,-0.4193,-0.3843,-0.3843,-0.3671,0.0122
1993,-0.3024,-0.3666,-0.2905,-0.2905,-0.2651,0.0294
1994,-0.1468,-0.2140,-0.1372,-0.1372,-0.1025,0.0347
1995,0.1316,0.0939,0.1248,0.1248,0.1783,0.0249
1996,-0.1947,-0.2398,-0.1988,-0.1988,-0.1321,0.0295
1997,-0.0017,-0.0840,0.0212,0.0212,0.0542,0.0460
1998,0.3379,0.2489,0.3579,0.3579,0.3920,0.0478
1999,0.0835,0.0160,0.0923,0.0923,0.1247,0.0340
2000,0.0043,-0.0305,0.0054,0.0054,0.0464,0.0227
2001,0.1962,0.1514,0.2030,0.2030,0.2258,0.0236
2002,0.3140,0.2782,0.3061,0.3061,0.3787,0.0287
2003,0.2993,0.2766,0.2945,0.2945,0.3301,0.0178
2004,0.1485,0.0979,0.1586,0.1586,0.1937,0.0318
2005,0.4513,0.3884,0.4397,0.4397,0.5379,0.0536
2006,0.3646,0.3126,0.3552,0.3552,0.4197,0.0370
2007,0.4801,0.3955,0.4692,0.4692,0.5688,0.0615
2008,0.2357,0.1782,0.2408,0.2408,0.2801,0.0344
2009,0.3049,0.2398,0.3059,0.3059,0.3720,0.0417
2010,0.5239,0.4599,0.5272,0.5272,0.5856,0.0445
2011,0.3167,0.2234,0.3040,0.3040,0.4464,0.0721
2012,0.3506,0.2682,0.3208,0.3208,0.4504,0.0692
2013,0.3988,0.3389,0.3873,0.3873,0.4695,0.0413
2014,0.4192,0.3287,0.4163,0.4163,0.4998,0.0549
2015,0.6808,0.5947,0.6849,0.6849,0.7314,0.0416
2016,0.8908,0.8005,0.8655,0.8655,1.0187,0.0699
2017,0.7410,0.6541,0.7222,0.7222,0.8605,0.0621
2018,0.5809,0.4784,0.5501,0.5501,0.7326,0.0797
2019,0.7830,0.6859,0.7657,0.7657,0.9161,0.0684
2020,0.9218,0.8263,0.8939,0.8939,1.0572,0.0673
2021,0.6919,0.5722,0.6874,0.6874,0.7950,0.0711
2022,0.6739,0.5781,0.6581,0.6581,0.7990,0.0684
2023,1.0853,0.9944,1.0703,1.0703,1.2077,0.0617
2024,1.2489,1.1190,1.2532,1.2532,1.3820,0.0668
2025,1.0633,0.9141,1.0692,1.0692,1.2371,0.0781
