year,berkeley_earth_mean,berkeley_earth_sd,crutem5_mean,crutem5_sd,glosatlat_mean,glosatlat_sd,dclsat_mean,dclsat_sd,noaa_land_mean,noaa_land_sd
1850,-1.10569,0.32607,,,,,-1.40536,0.06468,-1.07429,0.36803
1851,-0.91304,0.22611,,,,,-1.01114,0.07210,-0.88546,0.36803
1852,-0.97275,0.29172,,,,,-1.07380,0.07957,-0.84247,0.36802
1853,-0.95476,0.30264,,,,,-1.25058,0.09948,-0.96860,0.36803
1854,-0.82366,0.19953,,,,,-0.87973,0.08995,-0.76914,0.36802
1855,-0.76836,0.24038,,,,,-1.32988,0.08876,-0.86758,0.36802
1856,-0.92831,0.16838,,,,,-1.44483,0.09192,-0.84739,0.36802
1857,-1.15191,0.15821,-1.10131,0.36565,-1.06373,0.36800,-1.30390,0.08527,-0.88537,0.36803
1858,-0.97484,0.15660,-1.04673,0.33960,-0.98966,0.34532,-1.17199,0.06248,-0.96592,0.34535
1859,-0.84952,0.15613,-0.77732,0.33764,-0.70046,0.34340,-0.79753,0.05165,-0.81956,0.34344
1860,-0.95184,0.22641,-1.25097,0.34826,-1.16339,0.34855,-1.33335,0.05355,-1.20467,0.34859
1861,-1.03018,0.24728,-0.97231,0.34662,-0.92018,0.36523,-1.20936,0.04376,-1.21623,0.36527
1862,-1.14003,0.14022,-1.17395,0.36016,-1.12456,0.37928,-1.64587,0.04535,-1.37256,0.37929
1863,-1.07116,0.18453,-0.78419,0.35324,-0.72585,0.36738,-0.80813,0.04046,-1.12569,0.36738
1864,-1.09238,0.19223,-1.28538,0.35412,-1.23337,0.36598,-1.59713,0.04552,-1.21240,0.36600
1865,-0.73510,0.28586,-0.91718,0.34670,-0.87675,0.35881,-1.10196,0.04833,-0.99424,0.35881
1866,-0.89423,0.15391,-0.91036,0.32088,-0.87596,0.34077,-1.00928,0.04989,-1.07243,0.34077
1867,-0.73776,0.16775,-1.10363,0.31841,-1.06028,0.33787,-1.27569,0.04454,-1.15637,0.33787
1868,-0.80914,0.24556,-0.89197,0.30964,-0.87525,0.32834,-1.07275,0.04504,-1.04264,0.32834
1869,-0.51905,0.19180,-0.85655,0.30200,-0.82472,0.32560,-0.99245,0.04118,-0.82414,0.32558
1870,-0.94311,0.22474,-1.04342,0.28949,-1.02140,0.31283,-1.14769,0.04294,-1.10835,0.31281
1871,-0.81605,0.15141,-1.18194,0.28784,-1.13996,0.30658,-1.34574,0.05098,-1.11040,0.30658
1872,-0.82152,0.14589,-0.82307,0.27148,-0.78313,0.29129,-0.94237,0.04757,-1.14573,0.29129
1873,-0.78568,0.15461,-0.86301,0.26436,-0.83490,0.27697,-1.13095,0.04618,-1.05483,0.27698
1874,-0.94037,0.21702,-0.95086,0.26585,-0.91460,0.28186,-1.09215,0.04776,-1.02506,0.28185
1875,-1.05669,0.17669,-1.28863,0.22605,-1.27111,0.23900,-1.59761,0.04815,-1.23794,0.23899
1876,-0.96082,0.18585,-0.98297,0.22583,-0.95665,0.23864,-1.16183,0.04590,-1.17614,0.23861
1877,-0.61951,0.19111,-0.70334,0.23092,-0.67754,0.24559,-0.87146,0.05089,-0.74673,0.24556
1878,-0.47949,0.09326,-0.48861,0.22160,-0.48630,0.23219,-0.50332,0.05546,-0.62762,0.23218
1879,-0.97948,0.13930,-1.04146,0.21617,-1.02686,0.22964,-1.14785,0.04696,-1.09842,0.22961
1880,-0.96735,0.17142,-0.86757,0.21324,-0.86388,0.22533,-1.12925,0.03755,-1.08749,0.22533
1881,-0.89238,0.10438,-0.89910,0.20284,-0.90686,0.21894,-1.09947,0.03322,-0.97424,0.21895
1882,-1.00031,0.09943,-0.78243,0.19246,-0.81123,0.20621,-1.00895,0.02848,-1.14527,0.20622
1883,-1.05781,0.15711,-1.04793,0.18504,-1.08222,0.19423,-1.26525,0.03070,-1.08867,0.19422
1884,-1.15900,0.12731,-1.17060,0.18650,-1.22265,0.19138,-1.39801,0.02696,-1.25538,0.19137
1885,-1.18326,0.10886,-1.15363,0.18546,-1.21008,0.19217,-1.26303,0.03217,-1.11927,0.19217
1886,-1.06460,0.09978,-1.00184,0.18220,-1.05688,0.18910,-1.12447,0.03393,-1.12465,0.18907
1887,-1.15767,0.07149,-1.07449,0.18054,-1.13593,0.18723,-1.21591,0.03601,-1.22048,0.18721
1888,-0.92176,0.08369,-1.07111,0.17948,-1.10556,0.18780,-1.25241,0.03986,-0.89752,0.18779
1889,-0.72986,0.10553,-0.75882,0.18398,-0.78717,0.19074,-0.90010,0.03809,-0.73283,0.19073
1890,-1.06541,0.08310,-0.93096,0.18036,-0.98241,0.18556,-1.01142,0.03378,-1.11422,0.18554
1891,-1.06362,0.12270,-1.02295,0.17319,-1.06563,0.17831,-1.14114,0.02985,-1.10292,0.17828
1892,-1.13526,0.12763,-1.08565,0.17317,-1.12822,0.18014,-1.17007,0.03095,-1.11907,0.18012
1893,-1.08880,0.09866,-1.16192,0.17025,-1.20611,0.17768,-1.28148,0.03029,-1.22702,0.17766
1894,-0.88696,0.11289,-0.94428,0.16929,-0.99433,0.17518,-0.98763,0.02891,-1.16746,0.17518
1895,-0.90577,0.12097,-1.03669,0.16660,-1.04789,0.17372,-1.10513,0.02846,-1.06776,0.17371
1896,-0.83176,0.11260,-0.86736,0.16493,-0.89011,0.17212,-0.95884,0.02692,-1.01284,0.17210
1897,-0.68948,0.12561,-0.78620,0.16157,-0.80098,0.16561,-0.83985,0.02917,-0.87029,0.16559
1898,-0.79810,0.16812,-0.86012,0.15837,-0.89006,0.16278,-0.92017,0.02825,-1.02726,0.16275
1899,-0.66566,0.11126,-0.80092,0.15608,-0.82473,0.16180,-0.88453,0.03094,-0.86628,0.16178
1900,-0.55126,0.12593,-0.66960,0.15402,-0.69448,0.15955,-0.73171,0.02960,-0.74626,0.15952
1901,-0.57379,0.11522,-0.63859,0.15090,-0.65715,0.15684,-0.76618,0.02434,-0.67809,0.15680
1902,-0.80928,0.09312,-0.87283,0.14466,-0.89620,0.15115,-0.97403,0.02547,-0.88128,0.15111
1903,-0.90345,0.10679,-0.90813,0.14287,-0.92873,0.14896,-0.99645,0.02755,-0.99168,0.14892
1904,-0.97584,0.11806,-1.01238,0.14098,-1.05485,0.14703,-1.09351,0.03014,-0.99915,0.14698
1905,-0.91769,0.08315,-0.87361,0.13833,-0.89067,0.14221,-0.95509,0.02798,-0.92403,0.14215
1906,-0.67739,0.09227,-0.66682,0.13585,-0.70165,0.14077,-0.75191,0.02738,-0.69231,0.14072
1907,-1.13908,0.11624,-1.07117,0.13109,-1.09782,0.13538,-1.17346,0.02887,-1.08945,0.13536
1908,-0.98651,0.11553,-0.91329,0.12862,-0.94628,0.13467,-1.03047,0.02682,-1.03175,0.13463
1909,-0.90002,0.07759,-0.88445,0.12743,-0.91913,0.13197,-1.03598,0.02766,-0.97929,0.13192
1910,-0.87270,0.10085,-0.81137,0.12661,-0.83431,0.13239,-0.91346,0.02921,-0.86070,0.13234
1911,-0.92626,0.09615,-0.90102,0.12304,-0.92439,0.12711,-0.98316,0.02978,-0.98900,0.12706
1912,-0.90661,0.11084,-0.91559,0.12025,-0.94930,0.12739,-1.05356,0.02517,-1.08327,0.12734
1913,-0.89090,0.07517,-0.78720,0.11874,-0.81912,0.12428,-0.90570,0.02561,-0.93283,0.12422
1914,-0.61338,0.06619,-0.54243,0.11739,-0.58289,0.12306,-0.66913,0.02296,-0.69745,0.12300
1915,-0.55845,0.13339,-0.54715,0.11713,-0.58875,0.12479,-0.66551,0.02359,-0.68683,0.12473
1916,-0.90683,0.09276,-0.83072,0.11453,-0.87286,0.11981,-0.94629,0.02609,-0.97705,0.11975
1917,-1.10466,0.13727,-1.13432,0.11369,-1.16807,0.11866,-1.28729,0.02662,-1.24553,0.11860
1918,-0.95831,0.10912,-0.90201,0.10995,-0.93664,0.11677,-1.01525,0.02801,-1.17532,0.11670
1919,-0.76781,0.13927,-0.76070,0.11083,-0.78803,0.11865,-0.87722,0.02612,-0.86939,0.11858
1920,-0.78235,0.10608,-0.72786,0.10543,-0.74490,0.11256,-0.82611,0.02517,-0.86023,0.11251
1921,-0.61513,0.12547,-0.56910,0.10227,-0.60103,0.10873,-0.65287,0.02495,-0.71479,0.10868
1922,-0.76617,0.10441,-0.71623,0.09943,-0.74795,0.10662,-0.82988,0.02329,-0.81338,0.10655
1923,-0.73367,0.09859,-0.72928,0.09585,-0.76652,0.10113,-0.82199,0.02628,-0.85960,0.10105
1924,-0.70610,0.12941,-0.78710,0.09266,-0.80972,0.09749,-0.84769,0.02315,-0.78075,0.09741
1925,-0.69979,0.08806,-0.67849,0.09109,-0.71612,0.09546,-0.76780,0.02243,-0.78196,0.09539
1926,-0.52370,0.11123,-0.53241,0.08949,-0.56401,0.09389,-0.61985,0.02051,-0.58466,0.09383
1927,-0.63163,0.10249,-0.68038,0.08709,-0.70515,0.09202,-0.78038,0.01970,-0.76443,0.09198
1928,-0.55178,0.10030,-0.61678,0.08415,-0.65380,0.09047,-0.69224,0.01819,-0.63874,0.09044
1929,-0.92157,0.11644,-0.94100,0.08331,-0.97448,0.08857,-1.00425,0.01812,-1.01260,0.08854
1930,-0.55710,0.08737,-0.58546,0.07960,-0.61637,0.08302,-0.63757,0.01938,-0.65038,0.08297
1931,-0.54220,0.08317,-0.56047,0.07589,-0.58057,0.07849,-0.58720,0.02009,-0.53304,0.07845
1932,-0.53128,0.06390,-0.56323,0.07445,-0.58565,0.07585,-0.64529,0.01943,-0.58762,0.07581
1933,-0.89423,0.04377,-0.80072,0.06879,-0.83008,0.07010,-0.88945,0.02070,-0.85867,0.07006
1934,-0.61413,0.08593,-0.51259,0.06721,-0.55562,0.07001,-0.58994,0.02020,-0.55907,0.06995
1935,-0.68477,0.05908,-0.65045,0.06576,-0.64529,0.06718,-0.73544,0.01830,-0.70301,0.06711
1936,-0.67311,0.07333,-0.60323,0.06606,-0.60214,0.06765,-0.67166,0.01737,-0.65454,0.06759
1937,-0.57583,0.07675,-0.52731,0.06984,-0.51585,0.07170,-0.56352,0.01655,-0.53873,0.07163
1938,-0.38819,0.11494,-0.33820,0.06276,-0.35073,0.06452,-0.39647,0.01781,-0.33341,0.06445
1939,-0.47584,0.05932,-0.49054,0.06306,-0.49153,0.06416,-0.53936,0.01544,-0.45307,0.06411
1940,-0.49183,0.11282,-0.53126,0.06377,-0.52841,0.06636,-0.59689,0.01665,-0.44045,0.06630
1941,-0.46631,0.05223,-0.51192,0.05405,-0.50468,0.05734,-0.59027,0.01524,-0.48456,0.05728
1942,-0.55401,0.07106,-0.52896,0.04988,-0.52322,0.05161,-0.59892,0.01479,-0.51775,0.05151
1943,-0.55970,0.05837,-0.47265,0.04738,-0.48020,0.05112,-0.53256,0.01600,-0.50124,0.05102
1944,-0.40080,0.09177,-0.38035,0.04648,-0.38653,0.05039,-0.46196,0.01520,-0.34081,0.05029
1945,-0.63232,0.05842,-0.61012,0.04351,-0.61074,0.04699,-0.67056,0.01598,-0.57969,0.04688
1946,-0.55319,0.06916,-0.57353,0.03767,-0.57627,0.04177,-0.62199,0.01539,-0.60478,0.04167
1947,-0.44928,0.06233,-0.49883,0.03440,-0.49682,0.03847,-0.55070,0.01703,-0.44692,0.03838
1948,-0.48369,0.05486,-0.48678,0.03166,-0.49283,0.03439,-0.51687,0.01509,-0.55615,0.03429
1949,-0.61072,0.08340,-0.59436,0.03057,-0.59340,0.03429,-0.63502,0.01410,-0.61826,0.03418
1950,-0.85091,0.06831,-0.78200,0.02662,-0.78562,0.03011,-0.82639,0.01625,-0.79831,0.03000
1951,-0.60022,0.04609,-0.58335,0.01749,-0.58314,0.02131,-0.63926,0.01605,-0.66750,0.02119
1952,-0.58254,0.03938,-0.53381,0.01607,-0.53486,0.01868,-0.60738,0.01475,-0.59378,0.01855
1953,-0.36354,0.05615,-0.34491,0.01474,-0.35569,0.01812,-0.39899,0.01401,-0.38315,0.01802
1954,-0.66106,0.05894,-0.61857,0.01413,-0.62294,0.01820,-0.67413,0.01574,-0.62948,0.01808
1955,-0.63317,0.04537,-0.66362,0.01286,-0.66490,0.01687,-0.70544,0.01560,-0.70364,0.01675
1956,-0.92480,0.04276,-0.89953,0.00978,-0.90389,0.01349,-0.97080,0.01566,-0.89823,0.01335
1957,-0.57711,0.05936,-0.54336,0.00621,-0.55364,0.00811,-0.60119,0.01198,-0.61940,0.00800
1958,-0.47360,0.02952,-0.42469,0.00571,-0.43213,0.00682,-0.46850,0.01002,-0.54697,0.00674
1959,-0.48039,0.02509,-0.44744,0.00509,-0.45490,0.00562,-0.49438,0.01137,-0.47928,0.00551
1960,-0.66715,0.03774,-0.52978,0.00643,-0.53797,0.00593,-0.58063,0.01226,-0.69121,0.00583
1961,-0.43373,0.02904,-0.42129,0.00680,-0.43077,0.00497,-0.45745,0.01348,-0.52463,0.00486
1962,-0.49876,0.02378,-0.43421,0.00617,-0.44226,0.00515,-0.47955,0.01422,-0.55374,0.00503
1963,-0.39458,0.02391,-0.44227,0.00696,-0.45313,0.00544,-0.48508,0.01442,-0.54775,0.00532
1964,-0.85474,0.04268,-0.74703,0.00714,-0.75361,0.00550,-0.80719,0.01613,-0.94345,0.00538
1965,-0.72007,0.03217,-0.69607,0.00737,-0.70210,0.00573,-0.75742,0.01664,-0.74810,0.00560
1966,-0.64616,0.03996,-0.58916,0.00729,-0.59240,0.00596,-0.64624,0.01584,-0.74888,0.00584
1967,-0.55993,0.04113,-0.55074,0.00769,-0.55970,0.00589,-0.59833,0.01600,-0.57067,0.00577
1968,-0.74821,0.03555,-0.66498,0.00790,-0.67254,0.00591,-0.71659,0.01469,-0.80113,0.00578
1969,-0.67896,0.02503,-0.57233,0.00826,-0.57295,0.00598,-0.63041,0.01351,-0.68383,0.00585
1970,-0.53517,0.02907,-0.51191,0.00858,-0.51665,0.00583,-0.55639,0.01407,-0.58869,0.00570
1971,-0.62957,0.01827,-0.66852,0.00966,-0.67328,0.00660,-0.67828,0.01601,-0.64848,0.00649
1972,-0.72021,0.02550,-0.69518,0.00791,-0.69930,0.00659,-0.72438,0.01460,-0.67444,0.00647
1973,-0.24644,0.02797,-0.32474,0.00917,-0.32373,0.00698,-0.31621,0.01448,-0.30408,0.00686
1974,-0.76229,0.02631,-0.74046,0.00884,-0.74264,0.00721,-0.74562,0.01653,-0.73057,0.00708
1975,-0.49287,0.03068,-0.52712,0.00868,-0.53185,0.00734,-0.51093,0.01667,-0.52025,0.00721
1976,-0.88992,0.03031,-0.81525,0.00880,-0.81938,0.00770,-0.81231,0.01674,-0.80709,0.00757
1977,-0.36796,0.02968,-0.37808,0.00837,-0.37704,0.00665,-0.35706,0.01038,-0.38822,0.00652
1978,-0.54611,0.02833,-0.50711,0.00833,-0.50807,0.00709,-0.50447,0.00865,-0.55706,0.00696
1979,-0.50918,0.03272,-0.41937,0.00712,-0.41733,0.00682,-0.41381,0.00649,-0.55561,0.00668
1980,-0.23180,0.02838,-0.33678,0.00724,-0.33325,0.00650,-0.32077,0.00687,-0.24396,0.00636
1981,-0.04904,0.02678,-0.15745,0.00665,-0.15796,0.00689,-0.12174,0.00544,-0.03228,0.00679
1982,-0.57529,0.02877,-0.47851,0.00686,-0.47597,0.00609,-0.46880,0.00489,-0.58010,0.00599
1983,-0.19924,0.02582,-0.14434,0.00615,-0.14629,0.00662,-0.13860,0.00467,-0.20083,0.00653
1984,-0.53926,0.01980,-0.50270,0.00569,-0.50150,0.00623,-0.50540,0.00662,-0.46087,0.00613
1985,-0.56451,0.02180,-0.49668,0.00593,-0.49332,0.00567,-0.48054,0.00593,-0.49623,0.00557
1986,-0.37384,0.02358,-0.35906,0.00614,-0.36214,0.00578,-0.35216,0.00522,-0.37182,0.00569
1987,-0.21093,0.01695,-0.19894,0.00615,-0.19897,0.00566,-0.19170,0.00446,-0.33948,0.00557
1988,-0.02875,0.02309,-0.09805,0.00544,-0.09474,0.00488,-0.06720,0.00420,-0.05138,0.00487
1989,-0.30871,0.01946,-0.22727,0.00554,-0.22729,0.00508,-0.21256,0.00497,-0.30319,0.00504
1990,0.01215,0.01801,0.02499,0.00517,0.02409,0.00502,0.04104,0.00409,0.01519,0.00495
1991,-0.04401,0.01393,-0.08574,0.00550,-0.09594,0.00620,-0.08363,0.00392,-0.00661,0.00611
1992,-0.40291,0.01142,-0.37630,0.00590,-0.37521,0.00610,-0.37719,0.00442,-0.38958,0.00598
1993,-0.34766,0.01427,-0.28884,0.00524,-0.29164,0.00550,-0.27969,0.00467,-0.32111,0.00544
1994,-0.15101,0.01307,-0.13765,0.00521,-0.13992,0.00525,-0.10805,0.00461,-0.20920,0.00523
1995,0.13943,0.01476,0.10430,0.00486,0.09728,0.00481,0.12216,0.00311,0.17303,0.00472
1996,-0.15451,0.01511,-0.23418,0.00497,-0.23418,0.00511,-0.21346,0.00279,-0.17426,0.00495
1997,-0.02811,0.01312,0.02691,0.00517,0.01976,0.00510,0.02447,0.00283,-0.07785,0.00508
1998,0.31425,0.01506,0.37928,0.00538,0.38789,0.00545,0.37784,0.00556,0.25608,0.00559
1999,0.07956,0.01519,0.09044,0.00516,0.08864,0.00542,0.10563,0.00495,0.02207,0.00558
2000,-0.01462,0.01160,0.00570,0.00607,0.00832,0.00579,0.00944,0.00531,-0.02138,0.00596
2001,0.21014,0.00863,0.20527,0.00600,0.21100,0.00531,0.18367,0.00584,0.15716,0.00547
2002,0.36373,0.01174,0.30022,0.00611,0.30643,0.00537,0.28237,0.00559,0.31643,0.00552
2003,0.30864,0.01617,0.29639,0.00579,0.29500,0.00503,0.28184,0.00566,0.28483,0.00515
2004,0.11759,0.01265,0.19010,0.00594,0.17361,0.00551,0.15802,0.00472,0.10672,0.00560
2005,0.49137,0.01856,0.40301,0.00611,0.39834,0.00558,0.39384,0.00487,0.53137,0.00564
2006,0.33111,0.02111,0.34891,0.00635,0.35682,0.00564,0.32626,0.00494,0.41198,0.00571
2007,0.53474,0.02076,0.43834,0.00622,0.42830,0.00624,0.40010,0.00477,0.56188,0.00627
2008,0.23630,0.01948,0.21886,0.00686,0.21635,0.00649,0.18345,0.00487,0.26980,0.00651
2009,0.32970,0.01897,0.27773,0.00693,0.28112,0.00656,0.24530,0.00583,0.36415,0.00660
2010,0.52370,0.01901,0.47527,0.00712,0.50214,0.00929,0.46529,0.00613,0.56550,0.00935
2011,0.30716,0.02364,0.26052,0.00805,0.27262,0.00895,0.22881,0.00560,0.43653,0.00900
2012,0.28256,0.02429,0.31313,0.00884,0.32356,0.00830,0.28745,0.00681,0.42249,0.00837
2013,0.37346,0.02363,0.38139,0.00932,0.38828,0.00868,0.35027,0.00860,0.42280,0.00876
2014,0.34579,0.02211,0.41336,0.00997,0.41947,0.00774,0.38054,0.00997,0.46213,0.00781
2015,0.61210,0.02212,0.69415,0.01205,0.67285,0.00782,0.67284,0.01522,0.71105,0.00792
2016,0.82309,0.01891,0.83641,0.01137,0.83571,0.00837,0.86186,0.01754,1.00978,0.00847
2017,0.68372,0.02357,0.69323,0.01366,0.69315,0.00859,0.71649,0.01773,0.84914,0.00870
2018,0.52594,0.02880,0.51576,0.01247,0.50006,0.00844,0.54188,0.01751,0.72326,0.00855
2019,0.72338,0.02657,0.72108,0.01834,0.73058,0.01178,0.75927,0.01887,0.90225,0.01188
2020,0.88693,0.02641,0.86454,0.01882,0.86072,0.01175,0.88175,0.01864,1.04381,0.01185
2021,0.61677,0.02857,0.63199,0.01854,0.60930,0.02171,0.68389,0.01729,0.76938,0.02182
2022,0.61853,0.02407,0.60215,0.01816,,,0.65191,0.01786,0.77772,0.01827
2023,1.03825,0.02520,1.02872,0.02381,,,1.06070,0.02413,1.18110,0.02391
2024,1.24379,0.02172,1.16241,0.03471,,,1.24590,0.02796,1.34842,0.03483
2025,1.04129,0.03165,0.96667,0.04152,,,1.07063,0.02799,1.18121,0.04164
